name,description,focus_areas,website,logo_url
100 Voices – One Planet,The international and interdisciplinary team collects personal testimonies of 100 people from 100 countries about climate crisis to raise awareness about the consequences of the overheating of the earth.,Sustainability & Health,https://100vop.org/,
180 Degrees Consulting Munich,"180DC Munich advises non-profits and social startups with real projects. As part of the global 180DC network, the club connects consulting talents to deliver social impact solutions.",Business & Entrepreneurship,https://www.180dcmunich.org/,https://www.tum.de/fileadmin/user_upload_87/_processed_/a/7/csm_180D_1_best_58cad547d1.webp
ABZ Investment Club,"Through lectures, workshops, and networking, participants from all fields gain practical insights into the world of finance and capital markets.",Business & Entrepreneurship,https://www.abz-muenchen.de/,
AEGEE,Europe-wide student forum: From con­­fer­ences in Budapest to cul­tural events in Ljubljana – AEGEE pro­motes co­op­er­a­tion and in­ter­cul­tural ex­change be­­tween young people in Europe.,International & Country-Specific,https://aegee-muenchen.de/,
AG Junge Lebensmittelchemie,"As a specialized group within the German Chemical Society, the working group represents the interests of early-career scientists at universities and during their practical year.",Networking & Career,https://www.ag-jlc.de/,
AIAS Munich,Saving lives with stem cells: The AIAS e.V. team in Munich provides young people with information about leukemia and encourages students to sign up to the German bone marrow registry (DKMS).,Sustainability & Health,https://aias.de/,
AIESEC in Munich,"Social projects abroad: As an international exchange organization, AIESEC offers internships and social projects for young people abroad.",,https://www.aiesec.de/,
AcTUM – the four-stroke drama,"A passionate theater group that brings productions to life through improvisation, acting, and teamwork – welcoming everyone, onstage and off.",Culture & the Arts,https://www.ac-tum.de/,
Academic Energy Cooperative @ TUM,The group seeks to scale sustainable energy projects on campus and drive forward a broader sustainable transformation.,Sustainability & Health,https://collab.dvb.bayern/spaces/TUMacademicenergycooperative/pages/169476133/Academic+Energy+Cooper,
Academy Consult,"At Academy Consult, students apply their knowledge in real consulting projects, sharpen presentation and management skills, and connect with companies, startups, and alumni.",Networking & Career|Business & Entrepreneurship,https://academyconsult.de/,https://www.tum.de/fileadmin/user_upload_87/_processed_/1/4/csm_AcademyConsult_3_best_65acd9a68a.webp
Accento Orchester München,"The orchestra makes classical music accessible to young people. Under professional direction, members rehearse weekly and perform two moderated concerts each semester.",Culture & the Arts,https://accento-muenchen.de/,https://www.tum.de/fileadmin/user_upload_87/_processed_/b/3/csm_Accento_2_best_9471c1c02c.webp
AkaModell,The art of model aircraft: The members of AkaModell design and build remote-controlled model aircraft. The best part is seeing the finished masterpiece take to the skies.,Technology & Research,https://akamodell-muenchen.de/,
Akaflieg München,"Akaflieg München designs, builds, and flies its own aircraft - fully student-run. Combining cutting-edge aerospace engineering with affordable pilot training, the club offers hands-on experience from workshop to cockpit.",Technology & Research,https://www.akaflieg.vo.tum.de/,https://www.tum.de/fileadmin/user_upload_87/_processed_/9/4/csm_akaflieg_flugzeug_startcheck_2_fe264e55b7.webp
Albanian Student Society,"Everyone is invited to explore Albanian culture through events, workshops, and networking opportunities.",International & Country-Specific,https://www.instagram.com/albanian_students_tum/?igsh=MXc3Mjd5cHU3d3Nrbg%3D%3D,
Alternative Investments Munich,"AIM’s goal is to promote education on alternative investments such as private equity, private debt, venture capital, and hedge funds, while providing networking opportunities for students.",Networking & Career|Business & Entrepreneurship,https://www.altinvestmunich.de/,
Amnesty International University Group Munich,"Highlighting issues and driving change, the Munich campus group raises awareness of human rights through art auctions, information booths, and talks.",,https://amnesty-muenchen-hsg.de/,
Arts and Crafts Club,"The club provides a creative and welcoming space for students to explore a wide range of artistic activities, from painting with acrylics and watercolors to knitting, writing, sculpting, origami, or sewing.",Culture & the Arts,https://hn.fs.tum.de/clubs/arts-and-crafts/,
Asclepios Lab Munich,"The club supports international analog astronaut missions through hardware projects and collaborations with Munich-based aerospace companies and research groups. Its main focus areas are life support systems space medicine, and spacecraf simulators.",Technology & Research,https://asclepios.ch/asclepios-lab/,
Asian-European Society Munich,"The student initiative promotes intercultural exchange between Asian and European students through events, workshops, and a job board offering internships and employment opportunities.",International & Country-Specific,https://www.aesmuc.de/,
Association of Iranian Students in Munich,"The club creates a warm, supportive community for international students, especially those from Iran.",International & Country-Specific|Culture & the Arts,https://www.ais-munich.org,
Association of South Tyrolean Apprentices and Students,"ISAS promotes intercultural exchange between South Tyrolean students and the TUM student body, connecting German- and Italian-speaking cultures through first-year events, pub quizzes, Watt tournaments, excursions, and shared trips.",Social & Diversity|Culture & the Arts,https://www.isas-muenchen.de/,https://www.tum.de/fileadmin/user_upload_87/_processed_/1/0/csm_95fa717d-6f97-4eb6-8453-f44a88a85b63_6ffea31999.webp
Aviation Innovation Research (AIR),"AIR builds a high-performance aircraft - interdisciplinary, hands-on, and driven by teamwork. Students develop aviation solutions and gain experience far beyond the classroom.",Technology & Research,https://air-initiative.com/work,https://www.tum.de/fileadmin/user_upload_87/_processed_/5/9/csm_AIR_1_best_72d0ea65f7.webp
Axion,"The student-led consulting initiative connects students with the start-up ecosystem. Working in interdisciplinary teams, members develop practical solutions for early-stage companies and support them in strategy, growth, and fundraising.",Business & Entrepreneurship,https://www.axion-munich.de/,
BRASA Local Munique,"The club promotes Brazilian culture, connects Brazilian students abroad, and supports their integration in Munich.",International & Country-Specific,https://www.instagram.com/brasamunique/,
B_RAW,"The club B_RAW brings students together to strengthen community and exchange, focusing on shared experiences and a wide range of member-initiated activities both on and off campus.",Social & Diversity,mailto:braw.taken@gmail.com,
Baduk TU Go,"The club offers the opportunity to learn and play the game ""GO"" in a positive and social environment. Its simple rules take just minutes to learn but the complex game takes a lifetime to master.",Culture & the Arts,https://www.instagram.com/baduktugo/#,
Beta Sigma Club,The club offers STEM students practical insights into applying mathematics in the financial markets through workshops and lectures.,Business & Entrepreneurship,https://www.betasigmaclub.com/,
BetaTUM Student Beta Tester Community,"BetaTUM functions as TUM students' Product Hunt, facilitating connections between campus application creators and eager initial users to establish a robust user base.",Technology & Research|Business & Entrepreneurship,https://chat.whatsapp.com/JsEZI8XjmGsKF2C5Mw42LK,
Betonkanu TU München,"Concrete canoe: Students are building a functioning canoe from heavy concrete. The key is get­ting the shape right. Every two years, stu­dents take part in the German concrete canoe regatta.",Technology & Research,https://www.instagram.com/betonkanu.tum/,
BioMatrix,Students at BioMatrix work on their own interdisciplinary projects at the intersection of biology and computer science—such as graph neural networks for rare diseases or RNA folding using machine learning.,,https://biomatrix.club,https://www.tum.de/fileadmin/user_upload_87/_processed_/6/3/csm_IMG_4999_2_441c5ca098.webp
Biogenesis,"Biogenesis brings together students from various fields to promote health, performance, and longevity. Through talks, workshops, and discussions on bioactive substances and health tech, self-optimization is explored in a practical way.",Sustainability & Health,https://biogenesismunich.com/,
Bioinformatics Munich Student Lab,"The student-led Bioinformatics Research Initiative applies computational techniques and AI in biology and medicine, offering networking with researchers and industry, plus hands-on experience in innovative projects.",Technology & Research|Academic & Education,https://bmsl.dev/,https://www.tum.de/fileadmin/user_upload_87/_processed_/f/e/csm_DSC_0169_3df044f051.webp
Campus Cneipe C2,"Campus Cneipe is more than a bar: students plan events, manage teams, and shape Garching’s nightlife. Whether it's strategy, finance, or bartending – commitment, team spirit, and the occasional free beer make it all worth it.",Business & Entrepreneurship,https://www.c2.tum.de/,https://www.tum.de/fileadmin/user_upload_87/_processed_/6/7/csm_C2_2_best_227b29a150.webp
Campus Connect München,Campus Connect is a Christian student group open to all students who want to live out their faith in everyday university life.,Religious & Spiritual,https://www.campus-connect.de/muenchen/,
Campus Runners,Student running group with three weekly runs – from relaxed social runs to intense interval training. There is also the opportunity to train together for the Munich (half) marathon.,Sustainability & Health|Social & Diversity,https://linktr.ee/campusrunners,
Campus Traders,"“Finance put into action” – the student finance community brings theory to life. Through workshops, real-world projects and corporate partnerships, they foster expertise, career growth and a passion for business & markets.",Academic & Education,https://linktr.ee/campustraders,https://www.tum.de/fileadmin/_processed_/e/8/csm_CampusTraders_2_564cc611e1.webp
Campus choir Garching,"The choir performs sacred and secular choral works from the 19th to 21st century—ranging from classical to light music, in various languages, a cappella or with piano. Collaborations with choirs and orchestras enrich the musical experience.",Culture & the Arts,https://www.ccg.tum.de/,
Campus for Change,"Taking responsibility: Stu­dents pro­vide as­sis­tance for people in need in Germany and around the world, high­light­ing so­cial pro­blems and un­der­taking projects to tackle them.",Social & Diversity,https://www.campusforchange.org/,
Carousel Magazin,"Students publish an annual magazine on the built environment. It brings together perspectives on design, materials, and social and economic topics to foster interdisciplinary exchange and academic dialogue.",Academic & Education|Culture & the Arts,https://www.carouselmagazin.com/,
Christian Students at TUM,"1-on-1 mentoring for everyday student life, regular meetings and in-depth discussions, and numerous activities and excursions provide an enriching community.",Religious & Spiritual,https://csmuenchen.de/en/csattum/,
Cico Jazz Orchester,"The Cico Jazz Orchestra brings together alumni, students, and local musicians in an energetic Big Band—featuring concerts, tours, and jazz in all its diversity.",Culture & the Arts,https://www.instagram.com/cicojazzorchester,https://www.tum.de/fileadmin/user_upload_87/_processed_/8/b/csm_DSC_7934_best_bd3d6ed17e.webp
Coding for Change e. V.,The club connects TUM students with local and international NGOs to develop digital solutions that help them tackle real-world challenges and amplify their impact.,Technology & Research|Social & Diversity,https://codingforchange.com/,
ConsulTUM Club,"ConsulTUM strengthens consulting skills through peer-to-peer learning while building essential future competencies – practical, collaborative, and interdisciplinary.",Networking & Career|Academic & Education,https://www.consultumstudentclub.com/,
DASH,DASH develops a lower-limb exoskeleton for fully paraplegic patients to help them regain mobility.,Technology & Research,https://tumdash.com/,https://www.tum.de/fileadmin/user_upload_87/_processed_/4/b/csm_IMG_6043_cd5a9e8e90.webp
Debate Club Munich,"The club hosts weekly training debates where students develop arguments, present them strategically, and receive direct feedback to strengthen their rhetorical skills.",Academic & Education|Social & Diversity,https://debattierclub-muenchen.de/,
EESTEC Munich,Exchange of ideas: Students of Electrical and Computer Engineering can collect experience Europe-wide and make international contacts in work­shops at universities and in companies,,https://eestec.net/cities/munich,
EHG – Protestant University Community at TUM,"Everyone is welcome at the EHG: eating and chatting together, discussing current topics, getting creative and trying new things, experiencing brief spiritual reflections, relaxing at Café Auszeit, or recharging your batteries on hikes.",Religious & Spiritual,https://www.ehg-tum.de/,https://www.tum.de/fileadmin/user_upload_87/_processed_/d/7/csm_ehg2jpg_03e79acac4.webp
EI Girls,"For all female electrical engineering students at TUM: This is a place to get helpful study tips, connect with others, support one another, share job opportunities – and make new friends along the way.",Networking & Career,mailto:ei.girls.tu@gmail.com,https://www.tum.de/fileadmin/user_upload_87/_processed_/7/b/csm_EI_Girls_Foto_Gallery_5be1e31ae0.webp
EMSA FMO TU Munich,European networking for medical students: The European Medical Students' Association (EMSA) promotes professional and cultural exchange among European medical students.,Networking & Career,https://www.sv.tum.de/en/med/projekte/emsa/,
ETHER,ETHER brings together students passionate about high-frequency technology and amateur radio. The team develops systems and components for wireless communication – from antennas and measurement setups to RF circuits.,,https://www.instagram.com/ether_rfteam/,
EUROAVIA Munich,"The club promotes exchange among aerospace students locally and across Europe. It organizes events, company visits, international trips, and since 2025, the innovative Student AirRace drone race.",Academic & Education,https://linktr.ee/euroavia.munich,https://www.tum.de/fileadmin/user_upload_87/_processed_/e/6/csm_webseite_3_50cdccdf6f.webp
Eat & Meet Munich,Club for Foodies: a social community that brings together students who enjoy trying different cuisines and exploring new places.,Social & Diversity|Culture & the Arts,https://www.instagram.com/eatmeetmunich/,
Edunovo,Students offer digital workshops and school projects on future skills and self-confidence to empower young people from less privileged backgrounds and promote educational equity.,Academic & Education|Social & Diversity,https://www.edunovo.de/,https://www.tum.de/fileadmin/user_upload_87/_processed_/c/3/csm_edu104109d-c287-48ce-b6cc-8eaf09528a17_77b2160932.webp
Edventure @ TUM,"The club offers the opportunity to explore various career opportunities in the field of education, and develop an entrepreneurial mindset by developing solutions to real educational problems.",Academic & Education,mailto:edventuretum@gmail.com,
Effective Altruism Munich,Students dedicate themselves to areas where their efforts can make the greatest difference. At the heart of their commitment lies a key question: How can we use our limited resources to do the most good?,Social & Diversity,https://www.eamuenchen.de/,
Elara Aerospace,Elara Aerospace is aiming for the first student-built Methalox rocket to reach 100 km.,Technology & Research,https://elara-aerospace.com/,
Electrochemical Society Student Chapter Munich,"The ECS-SCM connects students, researchers, and industry in the field of electrochemistry. Through methods clubs, company visits, and symposia, the club offers practical insights into research on renewable energy.",Academic & Education,https://www.ch.nat.tum.de/tec/ecs-student-chapter/,https://www.tum.de/fileadmin/user_upload_87/_processed_/a/d/csm_ECSSCM-BMW-Visit_2_best_f7af2f98c5.webp
EnHands,"EnHands designs affordable and durable prosthetic hands for people in developing countries, focusing on mechanics, prosthetic design, 3D modeling, 3D printing, and robotics.",Technology & Research,https://enhands.de/,
Enactus Munich,"Enactus Munich develops social startups that actively contribute to the UN Sustainable Development Goals. Supported by a global network, students create sustainable solutions to tackle social challenges.",Business & Entrepreneurship,https://enactus-muenchen.de/,https://www.tum.de/fileadmin/user_upload_87/_processed_/7/c/csm_Enactus_1_best_c40afedd18.webp
Enactus Straubing,"Enactus Straubing develops social startups that actively contribute to the UN Sustainable Development Goals. Supported by a global network, students create sustainable solutions to tackle social challenges.",Business & Entrepreneurship,https://enactus-straubing.de/,
Environmental Lecture Series,"The lecture series has offered interdisciplinary talks on topics like climate and health since 1985. Organized voluntarily by students, it promotes scientific exchange and raises awareness on current environmental issues.",Sustainability & Health,https://umwelt.asta.tum.de/en/ringvorlesung/,
Erasmus Student Network (ESN TUMi),"ESN TUMi offers a wide range of events tailored to international students at TUM. With nearly 400 events per year, TUMi tutors create opportunities for connection open to all TUM students.",International & Country-Specific|Social & Diversity,https://tumi.esn.world/events,https://www.tum.de/fileadmin/user_upload_87/_processed_/f/0/csm_ESN_20250511_10190194_4d23b4c8ca.webp
Ethics in Academia,"The student initiative puts ethics at the core of academic life. Through discussions, debates, and lectures, they promote ethical awareness and critical thinking in research and education.",Academic & Education,https://linktr.ee/ethics.academia.tum,
Eurasia Portal: Munich Node,"The club connects the next generation of TUM pioneers with Asian innovation hubs, enabling global ventures from day one through interdisciplinary focus, uniting engineering, finanace and policy, and local meetups as well as strategic expeditions.",,https://eurasia-portal.org/,
EyeVoices,"EyeVoices develops technology that enables communication through eye movements using only a smartphone. The club creates inclusive solutions, empowers people with motor impairments, and combines AI with practical accessibility.",Technology & Research,https://www.eyevoices.com/,https://www.tum.de/fileadmin/_processed_/6/0/csm_EyeVoices_1e2ccb79bc.webp
Faculties Football League,"Interdisciplinary student soccer league: Teams from various universities compete in group and knockout stages - fostering diversity, exchange, and team spirit through sport.",Culture & the Arts|Social & Diversity,https://facultiesfootballleague.de/,
Family Business Club,"The Family Business Club connects TUM students with established family businesses. Focused on NextGen, company visits, and networking, it offers valuable insights, exchange, and inspiration for future entrepreneurs.",Business & Entrepreneurship,https://www.family-business-club.de/,https://www.tum.de/fileadmin/user_upload_87/_processed_/7/2/csm_FamilyBusiness_1_best_d03dbbd047.webp
Forward Europe Munich,"Forward Europe Munich offers a forum for students interested in European politics. The club fosters exchange, discussion, and fresh perspectives on the future of Europe.",Networking & Career|Academic & Education,https://munich.fwdeu.org/,
Fusian Dance Crew,"Dance enthusiasts learn various hip-hop styles, create choreographies together, and perform them at events.",Culture & the Arts,https://fusiandance.github.io/,
Future Foods,"Future Foods is committed to reducing environmental impact, improving animal welfare, and fighting global hunger. Members explore future technologies like precision fermentation and cultivated meat, exchanging ideas on innovative solutions.",Sustainability & Health,https://www.linkedin.com/company/future-foods-tum/,
Future Founders Initiative,"The goal is to inspire young people to explore entrepreneurship – through startup visits, national networking events, fireside chats, hackathons, and especially design thinking competitions.",Business & Entrepreneurship|Networking & Career,https://ffievents.com/event/muenchen/,https://www.tum.de/fileadmin/user_upload_87/_processed_/0/5/csm_Aussagekraeftig_ffi1_9f372e1d86.webp
GOOSE,"The club develops exciting microgravity experiments on semiconductor materials using sounding rockets. Together, future projects are planned to harness microgravity for innovative research and technology.",Technology & Research,https://rexusgoose.com/#/,
Game Development Club,"he club develops games as small, parallel worlds, combining technology, design, and logic in a hands-on project. Students experiment freely, test ideas, and get an open, creative introduction to game development.",,https://www.instagram.com/gamedev_tumhn/,https://www.tum.de/fileadmin/user_upload_87/_processed_/d/4/csm_WhatsApp_Image_2025-11-20_at_11.45.25_AM_eb5effc611.webp
Games Night,"A meetup for game lovers at Campus Straubing: from classics and strategy games to party fun. Games can be brought along or discovered in a relaxed, friendly atmosphere.",Culture & the Arts|Social & Diversity,https://stud.cs.tum.de/de/studium/informationen/fachschaft,
German Chinese Student Club,"The club connects students with Chinese roots and anyone interested in culture. It creates space to discuss identity, careers, and intercultural experiences. Members gain networks, insights, and explore diversity together.",International & Country-Specific,https://www.instagram.com/gcsc.muc?igsh=Ynl2d2MzcDJyNjE0,
Global Shapers Munich,"The Global Shapers Community of the WEF is a network of young leaders. The Munich hub focuses on projects addressing climate change, skills development, and healthy living – creating tangible impact in the region.",Social & Diversity|Networking & Career,https://globalshapersmunich.org/,https://www.tum.de/fileadmin/user_upload_87/_processed_/8/8/csm_WhatsApp_Image_2026-02-09_at_12.48.51_d383be52e0.webp
HORYZN,HORYZN builds Europe’s largest student drone for medical missions. The interdisciplinary team designs and flies autonomous aircraft — with the goal of saving lives.,Technology & Research,,https://www.tum.de/fileadmin/user_upload_87/_processed_/a/2/csm_Workshop_best_34118fe927.webp
HackerFab Munich,Chips are made in fabs that cost billions – or by students at HackerFab Munich. The club builds its own open-source and affordable microfabrication tools making semiconductor technology hands-on for everyone.,,https://www.hackerfab-munich.com,https://www.tum.de/fileadmin/user_upload_87/_processed_/2/5/csm_main-photo_b316d8e092.webp
Hochschulgruppe des Landesbund für Vogelschutz Straubing,The university group brings together nature-loving students dedicated to protecting wildlife and the environment in Straubing.,Sustainability & Health,https://straubing-bogen.lbv.de/%C3%BCber-uns/hochschulgruppe/,
Hochschulgruppe des Landesbunds für Vogelschutz Freising,The university group brings together nature-loving students dedicated to protecting wildlife and the environment in Freising.,Sustainability & Health,https://freising.lbv.de/hochschulgruppe/%C3%BCber-uns/,
Hongkong-Macau Student Society Munich,"The initiative supports Hong Kong and Macau students in Munich with orientation and community-building. It preserves Hong Kong culture and Cantonese through events like club fairs, food festivals, and film screenings.",International & Country-Specific,https://hkmss.de,
Hummingbird,"The team develops, tests, and optimizes gas turbines in their own design atelier, focusing on aspects such as the drive system and acoustics.",Technology & Research,https://www.asg.ed.tum.de/ltf/studium/hummingbird/,
IAESTE an der TUM,Students arrange internships abroad and support international students in Munich — ideal for those seeking organizational experience and global networking.,International & Country-Specific|Networking & Career,https://iaeste-muenchen.de/de/,https://www.tum.de/fileadmin/user_upload_87/_processed_/a/4/csm_IAESTE_Members_1_db20b8eb20.webp
IKOM,"Students from all disciplines organize career fairs, workshops, and lectures across all three TUM campuses – actively connecting students with companies.",Networking & Career,https://ikom-tum.de,https://www.tum.de/fileadmin/user_upload_87/_processed_/3/b/csm_IKOM_3_best_59f9bec516.webp
ISPE SC Munich – International Society for Pharmaceutical Engineering,"The ISPE Student Chapter Munich connects students with the pharma and biotech industries. With excursions, networking events, and insights into Good Manufacturing Practice the club offers hands-on perspectives for careers in Pharma 4.0.",,https://ispe-dach.org/student-chapter-muenchen/,https://www.tum.de/fileadmin/user_upload_87/_processed_/2/b/csm_ISPE_1_best_ffd72c4e98.webp
ITA-Haus,"The club connects Italian students at TUM and anyone interested in Italian culture. We organize social events such as themed dinners, bar hopping and parties, as well as cultural activities, trips, and career-oriented events.",International & Country-Specific,mailto:liguorii.matteoo@gmail.com,
Ifriqiya Academic Circle (IAC),"The club promotes personal, academic, and professional development with focus on career, research, entrepreneurship, and networking, especially for Tunisian students, as well as intercultural exchange. “Ifriqiya” encourages curiosity and dialogue.",Academic & Education|International & Country-Specific,https://www.instagram.com/ifriqiya_academic_circle?igsh=MTVpMXY5eTRtanI2aQ%3D%3D,
Impetus Sailing Team,"Impetus Sailing designs, builds, and sails sustainable boats for student competitions. Combining engineering, teamwork and water sports – with a focus on circular materials. Open to students from all Munich universities.",Sustainability & Health|Technology & Research,https://impetussailing.de,https://www.tum.de/fileadmin/user_upload_87/_processed_/0/a/csm_Impetus_1_best_47b337b714.webp
Information Systems Association,The club fosters cross-year exchange and strengthens the community of Business Informatics and related students at TUM.,Networking & Career,https://information-systems.club/,
Ingenieure ohne Grenzen,"The Munich group implements technical projects delivering clean water, electricity, and education. Students collaborate interdisciplinarily with local partners, gain practical knowledge, and develop solutions with lasting impact.",Technology & Research|Social & Diversity,https://www.ingenieure-ohne-grenzen.org/de/mitmachen/regionalgruppe-muenchen,https://www.tum.de/fileadmin/user_upload_87/_processed_/1/3/csm_Gruppenbild_RG_Muc_best_a927bedb81.webp
Innovis VC,The Innovis Venture Club informs students on the topics of business start-ups and venture capital models.,Business & Entrepreneurship,https://www.innovis.vc/,https://www.tum.de/fileadmin/user_upload_87/_processed_/d/d/csm_IMG_1573_compressed__9892b78297.webp
International Business Talk (IBT),"The club provides a platform for exchange on economic and geopolitical topics, connecting students and young professionals, discussing current developments, and fostering the creation of an international network.",International & Country-Specific|Networking & Career,mailto:Shuxin.yu@tum.de,
JSUD – Jewish Student Union Germany,"The JSUD promotes exchange between Jewish and non-Jewish students. Through diverse events, they showcase Jewish life, break down stereotypes, and actively combat antisemitism.",Religious & Spiritual,https://www.facebook.com/JSUDeutschland,
Japanese Culture Club Munich,"Japanese Culture Club Munich connects students through Japanese culture, workshops, and events. The club creates space for shared experiences and intercultural exchange — ideal for Japan enthusiasts at any level.",International & Country-Specific,https://jacc-munich.de,https://www.tum.de/fileadmin/user_upload_87/_processed_/7/4/csm_Japanese_Culture_Club_2_best_804d232a6f.webp
Junior German Society for Biochemistry and Molecular Biology Munich,"Junior GBM connects biochemistry and molecular biology students with companies and research, offers exciting events, and opens doors to professional careers!",Networking & Career,https://gbm-online.de/de/junior-gbm-muenchen.html,
KHG – Catholic University Community at TUM,"The community offers an open meeting place for all students, faculty, and staff—to work, relax, and connect. It provides spiritual programs, counseling, and workshops.",Religious & Spiritual,https://www.khg-tum.de/,
Kulturklub,"The Kulturklub unites students to explore Munich’s art, music, and culture. Group visits with exclusive discounts and behind-the-scenes access make culture affordable and unforgettable.",,https://kulturklub.hsg.fs.tum.de/,https://www.tum.de/fileadmin/user_upload_87/_processed_/6/5/csm_Kulturklub_3_best_60f6340005.webp
LATUM,"LATUM (Latin American at TUM) fosters cultural exchange and belonging. The club connects students from Latin America and beyond with events, workshops, and support to help them start life smoothly in Germany.",International & Country-Specific,https://www.instagram.com/latum.club/,
LEVITUM,"LEVITUM is developing the world’s most powerful hydrogen-powered eVTOL drone under 25 kg. Powered by cutting-edge fuel cell technology and strong team spirit, the “Mercurius” prototype is innovative, hands-on, and future-oriented.",Technology & Research,https://www.levitum.de/,https://www.tum.de/fileadmin/user_upload_87/_processed_/7/c/csm_LEVITUM_1_best_e61ee107bd.webp
Legmon e.V. München,"The club promotes equal opportunities at TUM. First‑generation students and those facing financial hardship receive free support through 1:1 mentoring, career events, and an interdisciplinary community.",,https://legmon.com/,https://www.tum.de/fileadmin/user_upload_87/_processed_/8/c/csm_YFC_Konferenz_3e7b7bd8e2.webp
Leptodon,"Leptodon develops high-performance drones that detect, analyze, and assess flying objects. With drone design, sensor technology, and smart algorithms, we identify potential hazards early and create safe aerial systems.",,https://leptodon.de/,https://www.tum.de/fileadmin/user_upload_87/_processed_/7/3/csm_IMG_5656_c64ef5ff42.webp
Lern-Fair Munich,"Students volunteer to support schoolchildren with their learning, helping to improve equal opportunities in education.",Academic & Education|Social & Diversity,https://www.lern-fair.de/,
Lëtzebuerger Studenten zu München,"LSM connects Luxembourgish students in Munich, organizes regular meetups, trips, and events – and supports them in starting their studies, navigating daily life, and making new friends.",International & Country-Specific,https://lsm.lu/,
MLTech,"ML Tech unites Munich students from law, computer science, and other fields. The goal is to inspire interest in legal digitalization and connect members with pioneers in Legal Tech – following the motto: Inform. Inspire. Invent.",Networking & Career|Academic & Education,https://www.ml-tech.org/,
MOVE Prosthetics,"MOVE develops robust, affordable prosthetics that use myoelectric signals from residual muscles. The systems enable intuitive control, increase comfort and independence, and remain accessible for underserved communities.",,https://moveprosthetics.com,
MTP – Marketing zwischen Theorie und Praxis,"Hands-on marketing experience with Germany’s largest student marketing initiative through inspiring talks, projects, trainings, conferences, and events – offering real-world insights into the marketing field.",Networking & Career|Academic & Education,https://www.mtp.org/verein/geschaeftsstellen/muenchen,
MUN Centenarians,"A community to collectively explore the field of aging, preventative measures, and in doing so unlock an alternative way of life.",Sustainability & Health,https://muncent.com/,https://www.tum.de/fileadmin/user_upload_87/_processed_/6/b/csm_MUNC_Student_Club_Gallery_Image_e676951262.webp
Mary's Meals Studentclub,"The club highlights global hunger, strengthens access to education, and activates students. Actions, events, and talks drive its shared mission: Zero Hunger.",Social & Diversity|Sustainability & Health,https://www.instagram.com/marysmeals.studentclub/,https://www.tum.de/fileadmin/user_upload_87/_processed_/5/9/csm_Marys_Meals_0fcdb1689b.webp
MedTech OneWorld Students,"MedTech OneWorld Students develops medical technology solutions for developing countries in collaboration with local partners. Students from all fields are welcome to join, contribute ideas, and help improve global health.",Technology & Research|Sustainability & Health,https://mtows.de/,
Mindful Peace Student Organization,"Studies and work can be stressful. The club promotes Chan from Chinese Buddhism to foster calmness, mindfulness, and clarity through activities like tea ceremonies, meditation, and reading, helping create balance and inner well-being.",Culture & the Arts|Religious & Spiritual,mailto:yunxiang.sheng@tum.de,
Mittelstand Connect Club,"The Mittelstand Connect Club bridges the gap between local companies and the Bildungscampus, enabling students to support businesses in their digital transformation. Its goal is to become a driving force for creating job opportunities for students.",Networking & Career,mailto:fadel.seydou@gmail.com,
Model United Nations TU Munich (MUNTUM),"Students simulate UN debates as delegates, draft and pass resolutions. The club fosters understanding of international politics and builds diplomacy and debating skills through hands-on experience.",Academic & Education|International & Country-Specific,https://muntum.org,https://www.tum.de/fileadmin/user_upload_87/_processed_/1/5/csm_MUNTUM_3_best_5b072e4f80.webp
Munich Animal Rights Club,"MARC brings together everyone committed to animal rights. Through talks, discussions, and social events, the club fosters exchange and promotes engagement for a more animal-friendly world.",Social & Diversity,https://www.municharc.de/,https://www.tum.de/fileadmin/user_upload_87/_processed_/2/f/csm_12-DSC_1923_compressed_c41481b5e0.webp
Munich Bioneers,"Students develop biosensors for disease monitoring, participate in the SensUs competition, and organize exciting events such as expert talks and networking sessions.",Academic & Education|Technology & Research,https://sensus.org/munich-bioneers-0,
Munich Competitive Math Club,The Munich Competitive Math Club prepares students for international math competitions. Weekly sessions focus on solving challenging problems and exploring advanced mathematical concepts.,Academic & Education,https://mc-squared.jimdosite.com/,
Munich FinanceCircle,"The club offers a platform for students aspiring to a career in finance. With a strong network of corporate partners, the club offers exclusive events and workshops, providing valuable contacts and practical insights into the finance industry.",Networking & Career,https://munichfinancecircle.de/,
Munich Music Labs,"The club pioneers AI-driven music technology, merging technical expertise with creative practice. It connects research and industry and empowers students to launch projects in the music tech space.",Culture & the Arts|Technology & Research,https://munichmusiclabs.com,https://www.tum.de/fileadmin/_processed_/c/3/csm_Munich_Music_Lab_bbffa1115a.webp
Munich NLP,"Munich NLP connects language and technology, fostering exchange between students, researchers, and experts. With online talks, discussions, and meetups, the club offers engaging insights and networking opportunities in natural language processing.",Academic & Education,https://munich-nlp.com/#about,
Munich Student Athletes Club,"MuSAC unites student athletes from all sports, fosters connection, provides support, and advocates for their interests. Achieving more together – both on and off the field.",Social & Diversity|Sustainability & Health,https://www.munich-sac.de/,
Munich Students MTB Club,"The Munich Students MTB Club brings together bikers for regular rides along the Isar, in the Alps, and at bike parks – fun, nature, and adrenaline guaranteed!",Social & Diversity,https://www.instagram.com/munichstudentsmtb/?igshid=YmMyMTA2M2Y%3D,
Munich eSports,"Whether casual gaming or competitive play, the club brings gamers and e-sports fans together with weekly sessions, public viewings of tournaments, and both online and offline events for those who love gaming together.",Culture & the Arts,https://munich-esports.de/,https://www.tum.de/fileadmin/user_upload_87/_processed_/d/e/csm_MunichEsports_3_best_1adb76fdbc.webp
Muslim Student Initiative at TUM,"The MSI represents Muslim students, supports daily university life, and fosters intercultural exchange on campus through diverse events. All students are warmly welcome to join!",Religious & Spiritual,https://www.muslimischestudenteninitiative.de/ueber-uns,
Münchner Uni Schafkopf Club,The group focuses on the Bavarian cult card game Schafkopf and other games like Watten. Members meet regularly on campus to play socially. Future plans include tournaments and courses to teach everyone how to play Schafkopf.,Culture & the Arts,https://discord.gg/4hJ6PrGD7J,
Nachhoelzer,"A student initiative strengthening life at TUM. With a consumption-free space on the main campus, it offers a place for exchange and funds educational and cultural events – open to all, accessible, and community-driven.",Social & Diversity,https://www.instagram.com/nachhoelzer/,
Nautum,The interdisciplinary team at Nautum is developing TUM’s first autonomous underwater vehicle (AUV) as part of the “Argos Panoptes” project.,,https://www.nautum.de,
Neurodiversitum,"The initiative supports neurodivergent students at TUM. It connects members, creates safe spaces, raises awareness, and advocates for student rights to help foster equal opportunities, inclusion, and a supportive campus community.",Academic & Education|Social & Diversity,https://www.linkedin.com/company/neurodiversitum-student-club,https://www.tum.de/fileadmin/_processed_/c/1/csm_Neurodiversitum_ad6c02c6a1.webp
Nightline München,"Listening hotline – by students, for students. Volunteer students answer the calls, offering a listening ear and support to their fellow students.",Social & Diversity|Sustainability & Health,https://nightlinemuenchen.wordpress.com/,
Nucleate Germany,"Nucleate Germany connects the next generation of biotech leaders worldwide. Through free programs and workshops, the club supports startup creation and links research, industry, and investors.",Business & Entrepreneurship|Academic & Education,https://nucleate.org/locations/germany/,https://www.tum.de/fileadmin/user_upload_87/_processed_/7/4/csm_Nucleate_1_best_ae9a754307.webp
Odonatum,The team is developing a bionic drone inspired by the flight of the dragonfly. Members conduct research in fields ranging from bionics and control software to gear mechanics.,Technology & Research,https://odonatum.com/,https://www.tum.de/fileadmin/user_upload_87/_processed_/c/5/csm_16-9-WhatsApp_Image_2025-11-04_at_14.35.45_c349ecbe_bc3009b3c2.webp
OneAIM,"Students develop practical MedTech innovations. OneAIM combines medicine, engineering, and coding with exclusive workshops and direct industry exchange – perfect for those shaping the future of healthcare.",Technology & Research|Business & Entrepreneurship,https://www.one-aim.org/,https://www.tum.de/fileadmin/user_upload_87/_processed_/2/f/csm_OneAIM_3_best_f437323a8d.webp
OpenHardware,"The initiative fosters innovation in open-source hardware, embedded systems, and machine learning. By enabling hands-on collaboration, it empowers students to solve real engineering challenges and contribute to the open-source community.",Technology & Research,https://open-hardware-initiative.com,https://www.tum.de/fileadmin/user_upload_87/_processed_/d/b/csm_openhardware_ad8936d7aa.webp
OpenSource @ TUM,"The club builds open-source apps for everyday university life at TUM – student-led, publicly available, and hands-on. Through workshops, coding sessions, and real-world projects, they create software that matters.",Academic & Education,mailto:leads@tum.dev,https://www.tum.de/fileadmin/user_upload_87/_processed_/1/7/csm_OpenSource_3_best_1799cf569e.webp
PPI Munich,The club supports new Indonesian students with a buddy program and offers tutoring for the Studienkolleg entrance exam.,International & Country-Specific,https://ppimunich.org/,
Phantum,Students develop high-performance UAVs and are building the world’s first supersonic RC airplane. The project offers hands-on experience and diverse opportunities – also for non-STEM students.,Technology & Research,https://phantum.eu/,
Philosophia Munich,"Philosophy in action: The reading group invites students to explore key texts in ethics, science & consciousness—no prior knowledge needed. Weekly, open discussions build critical thinking and connect ideas across disciplines.",Academic & Education,https://www.philosophiamunich.org/,https://www.tum.de/fileadmin/user_upload_87/_processed_/f/d/csm_Philosophia_1_best_b4c6afd5ff.webp
Photum,"The initiative opens the door to the world of photonics. Through expert talks, networking events, and hands-on projects, it promotes knowledge of light and quantum technologies to foster innovation, technical skills, and science communication.",Academic & Education|Technology & Research,https://photum.org/,
Plant a Seed,"Plant a Seed brings sustainability to campus, creates meeting spaces, and jointly promotes the sustainable transformation of urban spaces.",Sustainability & Health,https://umwelt.asta.tum.de/plantaseed/,
Plant-Based Universities Munich,"Students drive the shift toward plant-based, healthy, and affordable campus dining and advocate for sustainable food systems.",Sustainability & Health,https://www.pbu-munich.de/,https://www.tum.de/fileadmin/user_upload_87/_processed_/2/5/csm_DJI_20250818182056_0080_D__1__9dcd9a1d6c.webp
Praias do Isar,"The club brings Brazilian percussion and dance to campus. It provides instruments and organizes workshops and trips. Students learn samba, build friendships and explore Europe from a new perspective. All experience levels are welcome!",Culture & the Arts,https://praiasdoisar.de/,https://www.tum.de/fileadmin/_processed_/0/f/csm_Praias_do_Isar_1e4f751602.webp
Public Makers,"Public Makers connects students, public institutions, and innovators to responsibly reshape the public sector through entrepreneurship and technology.",Academic & Education,https://www.publicmakers.org/,https://www.tum.de/fileadmin/user_upload_87/_processed_/c/1/csm_Panel_gesamt-1_best_192c06d2bf.webp
PushQuantum,"PushQuantum makes quantum technology accessible: through hands-on workshops, lectures, and an active network, the club supports students from all fields on their path to careers in industry, research, and startups.",Academic & Education|Networking & Career,https://www.pushquantum.tech/,https://www.tum.de/fileadmin/user_upload_87/_processed_/0/c/csm_PQ_Hackathon_best_18969cf9a6.webp
ReparadTUM,The student initiative enables students and staff to repair their bicycles using provided tools and expert support.,Social & Diversity|Sustainability & Health,https://www.instagram.com/reparad_tum/,https://www.tum.de/fileadmin/user_upload_87/_processed_/9/5/csm_Reparadtum_3_best_3018033589.webp
Responsible Technology Hub,The club demystifies tech responsibility and creates an inclusive space for cross-generational and cross-sector co-creation. It offers young people a platform to develop responsible technology solutions.,Technology & Research,https://www.responsibletechhub.com/,
RoboTUM,The fastest humanoid robot in the world is being built here! Students connect robotics and science through hands-on projects showcased at the annual Munich Robotics Summit.,Technology & Research,https://www.robotum.info,https://www.tum.de/fileadmin/user_upload_87/_processed_/7/3/csm_Robotum_1_best_bb9ef3a70d.webp
RockYourLife! München,"The club offers one-on-one mentoring with students as “big sisters” or “big brothers” for youth from secondary schools. They support mentees in school, daily life, and career choices, ensuring that background does not determine the future.",Social & Diversity|Academic & Education,https://muenchen.rockyourlife.de/,https://www.tum.de/fileadmin/user_upload_87/_processed_/8/a/csm_Rockyourlife_2_best_78c31cb0dc.webp
SLOVO – Russian Speaking Student Club,"SLOVO provides Russian-speaking students and interested individuals a platform for cultural exchange, integration, and intercultural dialogue. Diverse events foster an open and inclusive community.",International & Country-Specific,https://www.instagram.com/slovotum/?igsh=aG1ocTFrZW9maDRh,
SOFT – School of Transformation,"SOFT combines intersectional feminism with architecture. Students and graduates challenge discriminatory structures, promote critical reflection, and aim for a fairer, more inclusive architectural scene.",Social & Diversity,mailto:soft.schooloftransformation@gmail.com,https://www.tum.de/fileadmin/user_upload_87/_processed_/9/2/csm_Bild_3_best_2bc9b95fed.webp
SRM Talks,"The initiative organizes a lecture series on sustainable resource management, welcoming participants from all fields to promote knowledge and awareness for responsible resource use.",Sustainability & Health|Academic & Education,https://www.instagram.com/srmtalks.tum/?hl=de,
STARTmunich,"The club connects students to the startup world through real venture projects, events, and mentoring. Alumni founded Trade Republic and more — joining means building skills, networks, and real opportunities to launch startups.",Business & Entrepreneurship,https://www.startmunich.de/,https://www.tum.de/fileadmin/_processed_/8/e/csm_Start_Munich_90c6bd04d8.webp
Sailsetters,"Students are committed to making a lasting impact on the lives of children from socially disadvantaged families, providing effective support through a social buddy program.",Social & Diversity|Academic & Education,https://sailsetters.de/,
Scholarship Network Munich,"In the network, scholars provide information on all questions related to scholarship awards and connect with each other to build a strong community.",Social & Diversity,https://stipendiennetzwerk.de/,
School of Circularity,"The School of Circularity drives the transition to a circular economy. Through workshops, real-world projects, and industry partnerships, it builds a network that promotes sustainable thinking and action.",Sustainability & Health|Academic & Education,https://school-of-circularity.notion.site/,https://www.tum.de/fileadmin/user_upload_87/_processed_/6/f/csm_SoC3_6dba64fc60.webp
Silicon Valley Canon Reading Club,"The reading circle critically engages with influential tech books, ranging from entrepreneurship and technology to broader issues of economics, politics, and philosophy, to make insights actionable and foster engaging discussions.",Culture & the Arts,https://silicon-valley-canon.club/,https://www.tum.de/fileadmin/user_upload_87/_processed_/c/d/csm_PHOTO-2026-01-01-22-41-56_66bc1ba1e0.webp
Sky Campus Munich,"The student initiative focuses on mental health during studies. Through workshops on meditation, breathwork, yoga, and emotional intelligence, it strengthens resilience and well-being in everyday academic life.",Sustainability & Health,https://www.instagram.com/skycampusmunich/,
Society of Sommeliers,"Munich’s first student wine club, the Society of Sommeliers, connects wine enthusiasts and offers education in tasting and winemaking. The club collaborates with wineries and sommeliers from around the world.",Networking & Career|Culture & the Arts,https://www.societyofsommeliers.de/,https://www.tum.de/fileadmin/user_upload_87/_processed_/b/b/csm_PHOTO-2026-02-04-14-51-17_19e3a9ad82.webp
StOrch Student Orchestra,"StOrch is Munich’s symphony orchestra for music-loving students. Rehearsals take place weekly at the Olympiakirche, complemented by additional rehearsal days and a shared rehearsal weekend.",Culture & the Arts,https://storch-muenchen.org/,
Strohmann,"Germany has abundant public political data, but it is fragmented and mainly designed for archiving. Strohmann is building a central platform that connects and visualizes relationships between political and economic actors.",Technology & Research,mailto:eric.warburg@mytum.de,
Studentischer Automobilverband München,"The Student Automotive Association fosters networking between students and companies in the automotive and mobility sectors, providing valuable opportunities for exchange and industry insights.",Networking & Career,https://www.sav-deutschland.de/,
Studnd,"The club brings students together to creatively shape pen-and-paper role-playing games. It blends improvisation with practical storytelling. Events like game nights, workshops and fantasy balls actively strengthen creativity, exchange and networking.",Culture & the Arts,https://studnd.club/,
Study Tutors München,"The association gives students the chance to support children from disadvantaged families with free tutoring, gain practical teaching experience, and actively contribute to greater educational equity.",Social & Diversity|Academic & Education,https://studytutors.de/standorte/muenchen,
SusTUMable Design,The working group at Campus Straubing meets weekly to creatively explore sustainable ideas in product and graphic design through brainstorming and sketching sessions.,Sustainability & Health|Culture & the Arts,https://www.instagram.com/sustumable_design/,
Synchronized Skies,Students explore innovative applications of swarm technology – from drone formations to complex systems of interconnected autonomous units.,Technology & Research,https://syncskies.com/,
TEDxTUM,TEDxTUM organizes conferences where experts from diverse fields share their ideas – ranging from personal experiences to social innovations and cutting-edge technologies.,Academic & Education,https://www.tedxtum.com/,
TEG | The Entrepreneurial Group,"The Entrepreneurial Group (TEG) shapes entrepreneurial talent into future leaders. With a focus on corporate entrepreneurship, mentoring, and an exclusive network, the club prepares its members for leadership and founding success.",Networking & Career,https://teg-ev.de,https://www.tum.de/fileadmin/user_upload_87/_processed_/5/1/csm_TEG_Bild_3_best_b03ff9708e.webp
TIDE,TIDE organizes hands-on hackathons and workshops on data analytics and business intelligence. The club connects theory with real-world application and offers students valuable technical skills and a strong network.,Technology & Research,https://tum-tide.com/,
TSM Championship,Unter dem Motto „miasantum“ verbindet das Cheer- und Volleyballteam sportlichen Ehrgeiz mit Gemeinschaft. Sie treten auf bei Events wie WHU Euromasters und Royals Cup und schaffen ein Netzwerk von Studierenden Europas führender Business Schools.,Social & Diversity,https://miasantum.de/,https://www.tum.de/fileadmin/user_upload_87/_processed_/c/5/csm_3_best_4b5a0c6267.webp
TU Investment Club,"The club educates students interested in finance, offers expert talks and training, and connects members with the financial industry. Members even manage their own student-run investment fund.",Business & Entrepreneurship|Academic & Education,https://www.tuinvest.de/,
TU Peak Seekers,"TU Peak Seekers unites students who love mountains. Shared summit hikes offer breathtaking views, nature experiences, and opportunities to build new friendships.",Sustainability & Health|Social & Diversity,https://www.linkedin.com/company/tu-peak-seekers?trk=public_post_feed-actor-name,
TU eMpower Africa e.V.,TU eMpower Africa develops sustainable water-energy-food systems to empower rural communities in Africa. Interdisciplinary projects create practical improvements in harvests and quality of life through renewable energy.,Sustainability & Health|Social & Diversity,https://de.linkedin.com/company/tu-empower-africa-e-v,https://www.tum.de/fileadmin/user_upload_87/_processed_/3/d/csm_TUempowerAfrica_3_best_735b10e7df.webp
TUM Blockchain Club,"A student-led blockchain initiative shaping Munich’s Web3 ecosystem. Through conferences, hackathons and workshops, it turns knowledge into practice – research-driven, globally connected and powered by a diverse student community.",Academic & Education|Technology & Research,https://www.tum-blockchain.com/,https://www.tum.de/fileadmin/user_upload_87/_processed_/6/6/csm_TUM_Blockchain_1_best_33c8752587.webp
TUM Book Club,"The book club is a reading circle for literature enthusiasts, where members discuss selected works from various genres in regular meetings.",Social & Diversity|Culture & the Arts,https://www.instagram.com/tum.buchclub/,
TUM Business Game,TUM Business Game gives students the chance to solve real company problems in case competitions and gain practical experience. Members can also help organize events and develop valuable skills.,Business & Entrepreneurship,https://www.tum-businessgame.com/,
TUM Carbon Removal Initiative,Students develop CO2 capture and storage technologies to combat the climate crisis and reduce atmospheric CO2 levels.,Sustainability & Health|Technology & Research,https://www.tumcarbon.com/,
TUM Case Club,"The club connects students interested in case study competitions. Through workshops, educational events, and own case studies, it prepares members for contests and fosters exchange among participants.",Networking & Career|Business & Entrepreneurship,https://www.tumcaseclub.de/,
TUM Chess Club,The club unites chess enthusiasts of all levels. Weekly meetups and tournaments offer a supportive space to improve skills and share the passion for the game.,Culture & the Arts|Social & Diversity,https://www.instagram.com/tum_chessclub/?igshid=YmMyMTA2M2Y%3D,
TUM Cycling Club,"The road cycling club offers students group rides, technique and safety training, plus workshops on training, nutrition, and bike maintenance – fostering fun, safety, and community in cycling.",Sustainability & Health|Social & Diversity,https://www.instagram.com/tumcycling,
TUM Dixieland Combo,"New Orleans jazz in Munich – featuring alumni, staff, and students from all Munich universities. Traditional Dixieland jazz is rehearsed every Tuesday in a classic lineup.",Culture & the Arts,https://tum-dixieland-combo.jimdosite.com/,https://www.tum.de/fileadmin/user_upload_87/_processed_/9/3/csm_TUM_Dixieland_Combo_fuer_Galerie_02_8f0e664668.webp
TUM Drone Racing Club,"Students build and fly FPV racing drones, compete in competitions, and develop their own hardware and software. From flight controllers to autonomous flight systems, they push the boundaries of drone technology.",Technology & Research,https://akamodell-muenchen.de/tum-drc/,https://www.tum.de/fileadmin/_processed_/f/6/csm_WhatsApp_Image_2026-07-08_at_20.57.35_3f340fcbdd.webp
TUM Green Tech Initiative,"The TUM Green Tech Initiative links sustainability with innovation. Students develop real prototypes like desalination systems, waste robots, and more – turning green ideas into future-ready solutions.",Sustainability & Health|Technology & Research,http://linktr.ee/tum_greentech,https://www.tum.de/fileadmin/user_upload_87/_processed_/6/b/csm_Green_Tech_1_best_e208bbe123.webp
TUdesign,"Students learn all about user experience (UX), user interface (UI), and design thinking, developing apps and websites for real projects. A design community for everyone who wants to creatively connect technology and user experience.",Business & Entrepreneurship|Culture & the Arts,https://tudesign.super.site/,https://www.tum.de/fileadmin/user_upload_87/_processed_/2/2/csm_TUdesign_1_best_dd426bde3c.webp
TUfast,"Students develop vehicles in motorsport, electromobility, and autonomous driving – ranging from classic race cars to energy-efficient urban concept vehicles and electric motorcycles.",Technology & Research,https://tufast.de/,
Talente Spenden,"Students create social impact through diverse projects focused on sustainability, blood donation, educational support, and more – working together to build a better, lasting future for society.",Social & Diversity,https://www.talente-spenden.com,https://www.tum.de/fileadmin/user_upload_87/_processed_/c/b/csm_Talente_3_best_c4cec23612.webp
TasteBuds Club,"The club brings people together through food, culture, and shared experiences. Through restaurant visits, cooking workshops, and international potlucks, everyone with a passion for good food can enjoy memorable culinary experiences.",Culture & the Arts|International & Country-Specific,https://www.instagram.com/tum.tastebuds,
TeXothek,"Texothek develops and provides free, collaboratively created formula collections (LaTeX & PDF) that make complex content easy to understand and enable students to learn more efficient, structured learning while simplifying everyday study life.",,https://www.texothek.de/,https://www.tum.de/fileadmin/user_upload_87/_processed_/5/4/csm_Screenshot_2026-04-24_at_08.58.46_fa227f40b3.webp
Techlabs,"TechLabs supports students in expanding their knowledge of Data Science and Artificial Intelligence through hands-on learning formats, real-world projects, and a strong link between theory and practice.",Technology & Research|Academic & Education,https://www.techlabs.org/location/munich,
Technolitics,"Technolitics empowers students to actively shape the intersection of technology, politics, and society, developing innovative solutions to current and future challenges.",Technology & Research|Academic & Education,mailto:studentclubs@tum.de,
The Bulletin,"The Bulletin is a digital notice board showcasing the diverse offerings of student organizations and TUM departments – with events, deadlines, and calls for applications all in one place.",Social & Diversity,https://www.instagram.com/thebulletintum/,
The Munich Alt Protein Project,"Munich APP familiarizes students with alternative proteins. Projects and events promote learning, exchange, and development in plant‑based, fermentation, and cell‑cultivation food solutions to advance sustainable, safe, and ethical food systems.",,https://www.linkedin.com/company/the-munich-alt-protein-project/,https://www.tum.de/fileadmin/user_upload_87/_processed_/f/6/csm_2521d874-98b4-4951-b506-35bb9bf56c39_2_c43f203a4f.webp
bdvb University Group Munich,"The student initiative of the Bundesverband Deutscher Volks- und Betriebswirte offers a platform for exchange, networking, and professional development.",Networking & Career,https://www.linkedin.com/showcase/bdvb-hochschulgruppe-muenchen/,https://www.tum.de/fileadmin/user_upload_87/_processed_/3/7/csm_bdvb_9c87915e13.webp
btS – Life Sciences student initiative,"The initiative offers guidance from the first semester to the start of a career. As an interface between university and industry, it offers a platform for networking and further development",Networking & Career,https://bts-ev.de/,
der tu film,"Tu film screens weekly blockbusters, cult classics, and hidden gems on campus. Join the team to support tech and event management and enjoy free entry. Perfect for film lovers eager to experience and shape campus cinema.",Culture & the Arts,https://www.tu-film.de,https://www.tum.de/fileadmin/user_upload_87/_processed_/7/7/csm_Filmclub_3_best_b62ec2eb97.webp
h4tum,"The club brings cybersecurity to life: thrilling CTF competitions simulate real cyberattacks to solve as a team. Students gain hands-on experience, engage in research, and regularly share the latest in security techniques and tools.",Academic & Education,https://www.sec.in.tum.de/i20/ctf,
iGEM Munich,"Students from Munich compete annually in the international iGEM competition, creating innovative solutions in synthetic biology.",Technology & Research,https://chat.whatsapp.com/CT2LwnaIrJsB46RxYHaouL,
iGEM Straubing,"Students from Straubing compete annually in the international iGEM competition, creating innovative solutions in synthetic biology.",Technology & Research,https://igem-straubing.de/,
jDPG RG Munich,"The Munich group is part of the German Physical Society and a vibrant community of young physics enthusiasts organizing exciting scientific events in and around Munich, fostering exchange, learning, and a shared passion for physics.",Networking & Career|Academic & Education,https://www.dpg-physik.de/vereinigungen/fachuebergreifend/ak/akjdpg/regional/rg-muenchen,https://www.tum.de/fileadmin/user_upload_87/_processed_/4/8/csm_KPMG_jdpg_Unternehmensbesuch_04436aa89b.webp
muniQuant,"muniQuant introduces students to quantitative finance and algorithmic trading through hands-on projects. Workshops, seminars, and team projects with real financial data build strong skills in programming, data analysis, and financial modeling.",Academic & Education|Technology & Research|Networking & Career,https://muniquant-website.vercel.app/,
neuroTUM,neuroTUM brings together students passionate about neuroengineering. They gain hands-on experience by developing a brain-computer interface that decodes brain signals into control commands using deep learning.,Technology & Research,https://www.instagram.com/neuro.tum/reels/,
peca e.V.,"The club connects people from all backgrounds with topics from business and politics. Whether through workshops or discussions, here you’ll find a space to get involved, grow personally, and give back to society.",Academic & Education|Networking & Career,https://www.peca-ev.com,https://www.tum.de/fileadmin/user_upload_87/_processed_/9/5/csm_peca_x_TUM_Bild_Archiv_540879337b.webp
planl_s studio,Students develop creative ideas and projects – from international competitions to design-build initiatives. The goal is to freely and independently realize their own projects during their studies.,Culture & the Arts|Academic & Education,https://www.instagram.com/planlosstudio/,
she.codes by TEC,"she.codes by TEC offers free coding workshops for girls aged 11–14. With female role models and team spirit, students inspire young talents to explore computer science and technology in a fun and engaging way.",Social & Diversity,https://codes.education/,https://www.tum.de/fileadmin/user_upload_87/_processed_/d/8/csm_shecodes_1_best_caec309023.webp
